{"cameraMode":{"drawMode":0,"name":"Shaded","section":"Shading Mode"},"sceneLighting":true,"audioPlay":false,"sceneViewState":{"m_AlwaysRefresh":false,"showFog":true,"showSkybox":true,"showFlares":true,"showImageEffects":true,"showParticleSystems":true,"showVisualEffectGraphs":true,"m_FxEnabled":true},"in2DMode":false,"pivot":{"x":-24.530452728271486,"y":7.338178634643555,"z":-0.8456559777259827},"rotation":{"x":-0.09366697818040848,"y":-0.053485557436943057,"z":0.004778268281370401,"w":-0.9943515658378601},"size":1.9818429946899415,"orthographic":false}