{"cameraMode":{"drawMode":0,"name":"Shaded","section":"Shading Mode"},"sceneLighting":false,"audioPlay":false,"sceneViewState":{"m_AlwaysRefresh":false,"showFog":true,"showSkybox":false,"showFlares":true,"showImageEffects":true,"showParticleSystems":true,"showVisualEffectGraphs":true,"m_FxEnabled":true},"in2DMode":false,"pivot":{"x":-58.50352478027344,"y":9.792680740356446,"z":-19.422969818115236},"rotation":{"x":0.19034351408481599,"y":-0.14980947971343995,"z":0.029617827385663987,"w":0.9699655175209045},"size":1.194482684135437,"orthographic":false}